Title,Link,Trending Count,Emotion

2022年底基本实现村村通快递,/weibo?q=%232022%E5%B9%B4%E5%BA%95%E5%9F%BA%E6%9C%AC%E5%AE%9E%E7%8E%B0%E6%9D%91%E6%9D%91%E9%80%9A%E5%BF%AB%E9%80%92%23&Refer=new_time,,

海底捞道歉,/weibo?q=%E6%B5%B7%E5%BA%95%E6%8D%9E%E9%81%93%E6%AD%89&Refer=top,4615868,

新加坡不准家长每天送孩子到祖父母家,/weibo?q=%23%E6%96%B0%E5%8A%A0%E5%9D%A1%E4%B8%8D%E5%87%86%E5%AE%B6%E9%95%BF%E6%AF%8F%E5%A4%A9%E9%80%81%E5%AD%A9%E5%AD%90%E5%88%B0%E7%A5%96%E7%88%B6%E6%AF%8D%E5%AE%B6%23&Refer=top,1894912,

武大本科毕业生线上答辩,/weibo?q=%23%E6%AD%A6%E5%A4%A7%E6%9C%AC%E7%A7%91%E6%AF%95%E4%B8%9A%E7%94%9F%E7%BA%BF%E4%B8%8A%E7%AD%94%E8%BE%A9%23&Refer=top,1783644,

鲍毓明回应性侵养女,/weibo?q=%23%E9%B2%8D%E6%AF%93%E6%98%8E%E5%9B%9E%E5%BA%94%E6%80%A7%E4%BE%B5%E5%85%BB%E5%A5%B3%23&Refer=top,1525872,[怒]

钟南山回应何时开学,/weibo?q=%23%E9%92%9F%E5%8D%97%E5%B1%B1%E5%9B%9E%E5%BA%94%E4%BD%95%E6%97%B6%E5%BC%80%E5%AD%A6%23&Refer=top,1180793,[给力]

打工是不可能打工的当事人将出狱,/weibo?q=%E6%89%93%E5%B7%A5%E6%98%AF%E4%B8%8D%E5%8F%AF%E8%83%BD%E6%89%93%E5%B7%A5%E7%9A%84%E5%BD%93%E4%BA%8B%E4%BA%BA%E5%B0%86%E5%87%BA%E7%8B%B1&Refer=top,1052658,

中央明确允许快递员进社区配送,/weibo?q=%23%E4%B8%AD%E5%A4%AE%E6%98%8E%E7%A1%AE%E5%85%81%E8%AE%B8%E5%BF%AB%E9%80%92%E5%91%98%E8%BF%9B%E7%A4%BE%E5%8C%BA%E9%85%8D%E9%80%81%23&Refer=top,1049975,

全美已完成200万次病毒检测,/weibo?q=%23%E5%85%A8%E7%BE%8E%E5%B7%B2%E5%AE%8C%E6%88%90200%E4%B8%87%E6%AC%A1%E7%97%85%E6%AF%92%E6%A3%80%E6%B5%8B%23&Refer=top,1008856,

将11万口罩伪装成铁丝欲出口,/weibo?q=%23%E5%B0%8611%E4%B8%87%E5%8F%A3%E7%BD%A9%E4%BC%AA%E8%A3%85%E6%88%90%E9%93%81%E4%B8%9D%E6%AC%B2%E5%87%BA%E5%8F%A3%23&Refer=top,986702,

肖战,/weibo?q=%E8%82%96%E6%88%98&Refer=top,974313,

广州一游戏公司员工核酸检测阳性,/weibo?q=%23%E5%B9%BF%E5%B7%9E%E4%B8%80%E6%B8%B8%E6%88%8F%E5%85%AC%E5%8F%B8%E5%91%98%E5%B7%A5%E6%A0%B8%E9%85%B8%E6%A3%80%E6%B5%8B%E9%98%B3%E6%80%A7%23&Refer=top,943382,

人民日报评鲍毓明被查,/weibo?q=%23%E4%BA%BA%E6%B0%91%E6%97%A5%E6%8A%A5%E8%AF%84%E9%B2%8D%E6%AF%93%E6%98%8E%E8%A2%AB%E6%9F%A5%23&Refer=top,909804,[赞]

鲍毓明被西南政法大学解聘,/weibo?q=%23%E9%B2%8D%E6%AF%93%E6%98%8E%E8%A2%AB%E8%A5%BF%E5%8D%97%E6%94%BF%E6%B3%95%E5%A4%A7%E5%AD%A6%E8%A7%A3%E8%81%98%23&Refer=top,840841,

花千骨电影版立项,/weibo?q=%23%E8%8A%B1%E5%8D%83%E9%AA%A8%E7%94%B5%E5%BD%B1%E7%89%88%E7%AB%8B%E9%A1%B9%23&Refer=top,717894,

中国向127个国家和4个国际组织援助物资,/weibo?q=%E4%B8%AD%E5%9B%BD%E5%90%91127%E4%B8%AA%E5%9B%BD%E5%AE%B6%E5%92%8C4%E4%B8%AA%E5%9B%BD%E9%99%85%E7%BB%84%E7%BB%87%E6%8F%B4%E5%8A%A9%E7%89%A9%E8%B5%84&Refer=top,572161,

武汉市民拍邻居窗帘两个月,/weibo?q=%E6%AD%A6%E6%B1%89%E5%B8%82%E6%B0%91%E6%8B%8D%E9%82%BB%E5%B1%85%E7%AA%97%E5%B8%98%E4%B8%A4%E4%B8%AA%E6%9C%88&Refer=top,572086,

趁猫不注意弄乱它舔好的毛,/weibo?q=%23%E8%B6%81%E7%8C%AB%E4%B8%8D%E6%B3%A8%E6%84%8F%E5%BC%84%E4%B9%B1%E5%AE%83%E8%88%94%E5%A5%BD%E7%9A%84%E6%AF%9B%23&Refer=top,571721,[笑cry]

各年代最受欢迎男团,/weibo?q=%23%E5%90%84%E5%B9%B4%E4%BB%A3%E6%9C%80%E5%8F%97%E6%AC%A2%E8%BF%8E%E7%94%B7%E5%9B%A2%23&Refer=top,570634,[心]

女生的发量是你想象不到的,/weibo?q=%23%E5%A5%B3%E7%94%9F%E7%9A%84%E5%8F%91%E9%87%8F%E6%98%AF%E4%BD%A0%E6%83%B3%E8%B1%A1%E4%B8%8D%E5%88%B0%E7%9A%84%23&Refer=top,569035,

律师公开举报视觉中国,/weibo?q=%E5%BE%8B%E5%B8%88%E5%85%AC%E5%BC%80%E4%B8%BE%E6%8A%A5%E8%A7%86%E8%A7%89%E4%B8%AD%E5%9B%BD&Refer=top,501829,

虞书欣工作室否认退赛,/weibo?q=%23%E8%99%9E%E4%B9%A6%E6%AC%A3%E5%B7%A5%E4%BD%9C%E5%AE%A4%E5%90%A6%E8%AE%A4%E9%80%80%E8%B5%9B%23&Refer=top,493744,[心]

广州一持湖北绿码者被筛查确诊,/weibo?q=%23%E5%B9%BF%E5%B7%9E%E4%B8%80%E6%8C%81%E6%B9%96%E5%8C%97%E7%BB%BF%E7%A0%81%E8%80%85%E8%A2%AB%E7%AD%9B%E6%9F%A5%E7%A1%AE%E8%AF%8A%23&Refer=top,477716,

陶喆听淡黄的长裙,/weibo?q=%23%E9%99%B6%E5%96%86%E5%90%AC%E6%B7%A1%E9%BB%84%E7%9A%84%E9%95%BF%E8%A3%99%23&Refer=top,432486,[笑cry]

韩教育局要求公开N号房未成年嫌犯名单,/weibo?q=%E9%9F%A9%E6%95%99%E8%82%B2%E5%B1%80%E8%A6%81%E6%B1%82%E5%85%AC%E5%BC%80N%E5%8F%B7%E6%88%BF%E6%9C%AA%E6%88%90%E5%B9%B4%E5%AB%8C%E7%8A%AF%E5%90%8D%E5%8D%95&Refer=top,408072,

当你连错了蓝牙音箱,/weibo?q=%23%E5%BD%93%E4%BD%A0%E8%BF%9E%E9%94%99%E4%BA%86%E8%93%9D%E7%89%99%E9%9F%B3%E7%AE%B1%23&Refer=top,403491,[笑cry]

你手机内存会满的原因,/weibo?q=%23%E4%BD%A0%E6%89%8B%E6%9C%BA%E5%86%85%E5%AD%98%E4%BC%9A%E6%BB%A1%E7%9A%84%E5%8E%9F%E5%9B%A0%23&Refer=top,385650,[doge]

FPX输了,/weibo?q=FPX%E8%BE%93%E4%BA%86&Refer=top,373368,

世卫称新冠肺炎病亡率估计比流感高10倍,/weibo?q=%23%E4%B8%96%E5%8D%AB%E7%A7%B0%E6%96%B0%E5%86%A0%E8%82%BA%E7%82%8E%E7%97%85%E4%BA%A1%E7%8E%87%E4%BC%B0%E8%AE%A1%E6%AF%94%E6%B5%81%E6%84%9F%E9%AB%9810%E5%80%8D%23&Refer=top,370531,

杨洋侧颜,/weibo?q=%23%E6%9D%A8%E6%B4%8B%E4%BE%A7%E9%A2%9C%23&Refer=top,369128,[憧憬]

郑州下雪,/weibo?q=%E9%83%91%E5%B7%9E%E4%B8%8B%E9%9B%AA&Refer=top,359918,[憧憬]

魔鬼奶油宽粉,/weibo?q=%23%E9%AD%94%E9%AC%BC%E5%A5%B6%E6%B2%B9%E5%AE%BD%E7%B2%89%23&Refer=top,327978,

全国妈妈的统一思维,/weibo?q=%23%E5%85%A8%E5%9B%BD%E5%A6%88%E5%A6%88%E7%9A%84%E7%BB%9F%E4%B8%80%E6%80%9D%E7%BB%B4%23&Refer=top,319703,

中国红十字会向梵蒂冈捐赠防护物资,/weibo?q=%E4%B8%AD%E5%9B%BD%E7%BA%A2%E5%8D%81%E5%AD%97%E4%BC%9A%E5%90%91%E6%A2%B5%E8%92%82%E5%86%88%E6%8D%90%E8%B5%A0%E9%98%B2%E6%8A%A4%E7%89%A9%E8%B5%84&Refer=top,309203,

支援意大利5名四川专家回家,/weibo?q=%E6%94%AF%E6%8F%B4%E6%84%8F%E5%A4%A7%E5%88%A95%E5%90%8D%E5%9B%9B%E5%B7%9D%E4%B8%93%E5%AE%B6%E5%9B%9E%E5%AE%B6&Refer=top,303585,[心]

京冀鲁豫4月下雪了,/weibo?q=%23%E4%BA%AC%E5%86%80%E9%B2%81%E8%B1%AB4%E6%9C%88%E4%B8%8B%E9%9B%AA%E4%BA%86%23&Refer=top,302358,

钟南山谈何时可以动,/weibo?q=%E9%92%9F%E5%8D%97%E5%B1%B1%E8%B0%88%E4%BD%95%E6%97%B6%E5%8F%AF%E4%BB%A5%E5%8A%A8&Refer=top,300833,

鲍毓明,/weibo?q=%E9%B2%8D%E6%AF%93%E6%98%8E&Refer=top,267269,[怒]

钟南山 无症状感染者大多具有传染性,/weibo?q=%E9%92%9F%E5%8D%97%E5%B1%B1%20%E6%97%A0%E7%97%87%E7%8A%B6%E6%84%9F%E6%9F%93%E8%80%85%E5%A4%A7%E5%A4%9A%E5%85%B7%E6%9C%89%E4%BC%A0%E6%9F%93%E6%80%A7&Refer=top,259565,

你支持国内推广电子脚铐吗,/weibo?q=%23%E4%BD%A0%E6%94%AF%E6%8C%81%E5%9B%BD%E5%86%85%E6%8E%A8%E5%B9%BF%E7%94%B5%E5%AD%90%E8%84%9A%E9%93%90%E5%90%97%23&Refer=top,250940,[赞]

火车司机与儿子的暗号,/weibo?q=%E7%81%AB%E8%BD%A6%E5%8F%B8%E6%9C%BA%E4%B8%8E%E5%84%BF%E5%AD%90%E7%9A%84%E6%9A%97%E5%8F%B7&Refer=top,247595,

意大利科考人员因疫情被困北极,/weibo?q=%E6%84%8F%E5%A4%A7%E5%88%A9%E7%A7%91%E8%80%83%E4%BA%BA%E5%91%98%E5%9B%A0%E7%96%AB%E6%83%85%E8%A2%AB%E5%9B%B0%E5%8C%97%E6%9E%81&Refer=top,243107,

金刚狼美甲,/weibo?q=%E9%87%91%E5%88%9A%E7%8B%BC%E7%BE%8E%E7%94%B2&Refer=top,237279,

图片与实物不符是什么体验,/weibo?q=%E5%9B%BE%E7%89%87%E4%B8%8E%E5%AE%9E%E7%89%A9%E4%B8%8D%E7%AC%A6%E6%98%AF%E4%BB%80%E4%B9%88%E4%BD%93%E9%AA%8C&Refer=top,166986,

影视剧里最意想不到的情节,/weibo?q=%23%E5%BD%B1%E8%A7%86%E5%89%A7%E9%87%8C%E6%9C%80%E6%84%8F%E6%83%B3%E4%B8%8D%E5%88%B0%E7%9A%84%E6%83%85%E8%8A%82%23&Refer=top,162741,

我是柯基不是洛基,/weibo?q=%23%E6%88%91%E6%98%AF%E6%9F%AF%E5%9F%BA%E4%B8%8D%E6%98%AF%E6%B4%9B%E5%9F%BA%23&Refer=top,159803,[笑cry]

美方威胁吊销中国电信在美经营许可,/weibo?q=%23%E7%BE%8E%E6%96%B9%E5%A8%81%E8%83%81%E5%90%8A%E9%94%80%E4%B8%AD%E5%9B%BD%E7%94%B5%E4%BF%A1%E5%9C%A8%E7%BE%8E%E7%BB%8F%E8%90%A5%E8%AE%B8%E5%8F%AF%23&Refer=top,155112,

中国美术学院取消艺术理论类专业校考,/weibo?q=%E4%B8%AD%E5%9B%BD%E7%BE%8E%E6%9C%AF%E5%AD%A6%E9%99%A2%E5%8F%96%E6%B6%88%E8%89%BA%E6%9C%AF%E7%90%86%E8%AE%BA%E7%B1%BB%E4%B8%93%E4%B8%9A%E6%A0%A1%E8%80%83&Refer=top,153620,

厦门将取消活禽交易,/weibo?q=%E5%8E%A6%E9%97%A8%E5%B0%86%E5%8F%96%E6%B6%88%E6%B4%BB%E7%A6%BD%E4%BA%A4%E6%98%93&Refer=top,151141,

